S. No.,Rule,Tag,Rule Contents,Review Outcome
1,Dead Code,MUST,"If code is called dynamically and appears unused, a comment must be inserted explaining the dynamic usage.",
2,Dead Code,MUST,All dead code must be deleted from the program.,
3,Dead Code,MUST,"Dead code includes unreachable statements, such as instructions located after a LEAVE statement, and must be removed.",
4,Dead Code,MUST NOT,Dead code is not allowed. Any FORM…ENDFORM or code block that is never called statically or dynamically must not exist.,
5,Pretty Printer,MUST,ABAP programs must be delivered only after executing the Pretty Printer.,
6,Pretty Printer,MUST,ABAP keywords must be in uppercase as per Pretty Printer settings.,
7,Pretty Printer,MUST,"If a DATA statement is used dynamically, a comment must be added to mention that it is accessed dynamically.",
8,Pretty Printer,MUST NOT,There must be no unused DATA statements in the program.,
9,Nested Calls and Conditions,MUST NOT,More than four nested IF…ENDIF blocks must not be used in the same program.,
10,Nested Calls and Conditions,SHOULD NOT,There should not be more than six nested FORM calls in a program.,
11,Nested Calls and Conditions,SHOULD NOT,There should not be more than four nested ENDIF statements.,
12,Read Table,MUST NOT,"When using READ TABLE with the option TRANSPORTING NO FIELDS, the INTO clause must not be used.",
13,Commit,MUST,"To reduce maintenance cost and for background programs, the function module BAPI_TRANSACTION_COMMIT must be used.",
14,Commit,MUST,"Insert, delete, update, or modify operations on Z* tables must be followed by COMMIT WORK and ROLLBACK, except inside a user-exit.",
15,Mass Update Program,MUST,A mass update program must have an integer parameter defining the commit frequency (package size).,
16,Mass Update Program,MUST,A checkbox parameter for test mode must exist and its default value must be checked.,
17,Mass Update Program,MUST,"In test mode, no COMMIT must be executed.",
18,Mass Update Program,MUST,Execution of the program must be controlled using authorization objects.,
19,Mass Update Program,MUST,"Program execution must be logged, including selection screen values, number of impacted lines, user who launched the report, and execution date/time.",
20,Mass Update Program,SHOULD ,The output of the test mode should be sufficient to validate whether the action will be managed correctly.,
21,Comment,MUST,The ratio between code and comments must be at least 5%.,
22,Native SQL / OS Command,MUST NOT,"C-Calls, RFCExec, or SYSTEM calls must not be used.",
23,Native SQL / OS Command,MUST NOT,The SQL statement CLIENT SPECIFIC must not be used.,
24,Native SQL / OS Command,MUST NOT,The function module Z_CALL_SYSTEM_UNIX must not be used in new programs; its usage is tolerated only for legacy programs.,
25,Native SQL / OS Command,SHOULD NOT,"Native SQL should not be used; only Open SQL should be used. Exceptions are allowed only for specific Oracle monitoring or content server tools (e.g. DB size, content server usage).",
26,Statement STOP,MUST,The STOP statement must be used only in executable programs.,
27,Statement STOP,MUST,"The STOP statement must be used only in AT SELECTION-SCREEN (without additions), START-OF-SELECTION, or GET event blocks.",
28,Statement MESSAGE,MUST,The message number (SE91) referenced by MESSAGE ID mid TYPE mtype NUMBER num must exist in the message class.,
29,Subroutine / Function Module Parameters,MUST,Subroutine calls must have the same number of parameters and matching parameter types.,
30,Subroutine / Function Module Parameters,MUST,"When using CALL FUNCTION, all mandatory parameters (IMPORTING, EXPORTING, TABLES) must be passed.",
31,Subroutine / Function Module Parameters,MUST,USING parameter in FORM must not be passed as CHANGING in PERFORM.,
32,Global Variable,SHOULD ,The usage of global variables should be very limited in terms of number.,
33,Global Variable,MUST NOT,A global variable must not be passed as an argument in a PERFORM and changed directly in the FORM at the same time.,
34,Statement BREAK-POINT,MUST NOT,BREAK-POINT statements must not be used outside the development system.,
35,Iteration Disruption,MUST,"Within a DO…ENDDO statement, iteration disruption must be done using the EXIT statement.",
36,Iteration Disruption,MUST NOT,"Within a DO…ENDDO statement, iteration disruption must not be done using CHECK.",
37,Data Declaration,MUST NOT,Data declarations must not use hyphens (e.g. DATA MY-DATA); underscores must be used instead.,
38,Data Declaration,MUST NOT,"Data declarations must not contain special characters such as %, $, or &.",
39,Background and Update Task,MUST,CALL FUNCTION STARTING A NEW TASK must be used only if the function module is declared as Remote-Enabled.,
40,Background and Update Task,MUST NOT,"When calling a function module IN BACKGROUND TASK, IN UPDATE TASK, or STARTING A NEW TASK, the EXCEPTION statement must not be used.",
41,Statement CASE,MUST,"After a CASE statement, the first statement must be WHEN.",
42,Statement CASE,MUST,The last statement in a CASE block must be WHEN OTHERS to avoid dumps when an unplanned value is encountered.,
43,Statement CALL TRANSACTION,MUST,"When using CALL TRANSACTION, the transaction must exist; its existence can be verified using SE93.",
44,Statement CALL TRANSACTION,MUST,"Since NetWeaver 7.4, CALL TRANSACTION must be used with the addition WITH AUTHORITY-CHECK, as calls without authority checks are obsolete.",
45,FOR ALL ENTRIES Statement,MUST,"Before using FOR ALL ENTRIES, it must be ensured that the internal table is not empty.",
